Name,Link
101tea.ru,https://promokod.pikabu.ru/shops/101tea
123.ru,https://promokod.pikabu.ru/shops/123
12storeez.com,https://promokod.pikabu.ru/shops/12storeez
1c-interes.ru,https://promokod.pikabu.ru/shops/1c-interes
1click.ru,https://promokod.pikabu.ru/shops/1click
2-berega.ru,https://promokod.pikabu.ru/shops/2-berega
21-shop.ru,https://promokod.pikabu.ru/shops/21-shop
220-volt.ru,https://promokod.pikabu.ru/shops/220-volt
366.ru,https://promokod.pikabu.ru/shops/366
4fresh.ru,https://promokod.pikabu.ru/shops/4-fresh
4glaza.ru,https://promokod.pikabu.ru/shops/4glaza
4lapy.ru,https://promokod.pikabu.ru/shops/4lapy
4ride.ru,https://promokod.pikabu.ru/shops/4ride
5ka.ru,https://promokod.pikabu.ru/shops/5ka
ALBA,https://promokod.pikabu.ru/shops/alba
Abekker.ru,https://promokod.pikabu.ru/shops/abekker
Acoolakids.ru,https://promokod.pikabu.ru/shops/acoolakids
Adamas.ru,https://promokod.pikabu.ru/shops/adamas
Adidas.ru,https://promokod.pikabu.ru/shops/adidas
Adminvps.ru,https://promokod.pikabu.ru/shops/adminvps
Afisha.yandex.ru,https://promokod.pikabu.ru/shops/afisha-yandex
Agentprovocateur.ru,https://promokod.pikabu.ru/shops/agentprovocateur
Agrosemfond.ru,https://promokod.pikabu.ru/shops/agrosemfond
Aizel.ru,https://promokod.pikabu.ru/shops/aizel
Akson.ru,https://promokod.pikabu.ru/shops/akson
Akusherstvo.ru,https://promokod.pikabu.ru/shops/akusherstvo
Alenka.ru,https://promokod.pikabu.ru/shops/alenka
Alibaba.com,https://promokod.pikabu.ru/shops/alibaba
Aliexpress.com,https://promokod.pikabu.ru/shops/aliexpress
Allsoft.ru,https://promokod.pikabu.ru/shops/allsoft
Alltime.ru,https://promokod.pikabu.ru/shops/alltime
Almazholding.ru,https://promokod.pikabu.ru/shops/almazholding
Almea.ru,https://promokod.pikabu.ru/shops/almea
Alpinabook.ru,https://promokod.pikabu.ru/shops/alpinabook
Alpindustria.ru,https://promokod.pikabu.ru/shops/alpindustria
Americantourister.ru,https://promokod.pikabu.ru/shops/americantourister
Amorem.ru,https://promokod.pikabu.ru/shops/amorem
Angstrem-mebel.ru,https://promokod.pikabu.ru/shops/angstrem
Anvio.com,https://promokod.pikabu.ru/shops/anvio
Anywayanyday.com,https://promokod.pikabu.ru/shops/anywayanyday
Appleavenue.ru,https://promokod.pikabu.ru/shops/appleavenue
Apteka-ifk.ru,https://promokod.pikabu.ru/shops/apteka-ifk
Apteka.ru,https://promokod.pikabu.ru/shops/apteka-ru
Armanibeauty.com.ru,https://promokod.pikabu.ru/shops/armanibeauty
Aromacode.ru,https://promokod.pikabu.ru/shops/aromacode
Askona.ru,https://promokod.pikabu.ru/shops/askona
Asos.com,https://promokod.pikabu.ru/shops/asos
Atlasformen.ru,https://promokod.pikabu.ru/shops/atlasformen
Auchan.ru,https://promokod.pikabu.ru/shops/auchan
Aviasales.ru,https://promokod.pikabu.ru/shops/aviasales
Ayurveda-shop.ru,https://promokod.pikabu.ru/shops/ayurveda
Bambinizon.ru,https://promokod.pikabu.ru/shops/bambinizon
Banggood.com,https://promokod.pikabu.ru/shops/banggood
Bashmag.ru,https://promokod.pikabu.ru/shops/bashmag
Bask.ru,https://promokod.pikabu.ru/shops/bask
Beauty-shop.ru,https://promokod.pikabu.ru/shops/beauty-shop
Beautydiscount.ru,https://promokod.pikabu.ru/shops/beautydiscount
Beautyhome.me,https://promokod.pikabu.ru/shops/beautyhome
Bebakids.ru,https://promokod.pikabu.ru/shops/bebakids
Becompact.ru,https://promokod.pikabu.ru/shops/becompact
Beeline.ru,https://promokod.pikabu.ru/shops/beeline
Befree.ru,https://promokod.pikabu.ru/shops/befree
Belcantofund.com,https://promokod.pikabu.ru/shops/belcantofund
Belka.com,https://promokod.pikabu.ru/shops/belka
Beloris.ru,https://promokod.pikabu.ru/shops/beloris
Benetton.com,https://promokod.pikabu.ru/shops/benetton
Beru.ru,https://promokod.pikabu.ru/shops/beru
Best-kitchen.ru,https://promokod.pikabu.ru/shops/best-kitchen
Bestblades.ru,https://promokod.pikabu.ru/shops/bestblades
Bestdigitals.ru,https://promokod.pikabu.ru/shops/bestdigitals
Bestmebelshop.ru,https://promokod.pikabu.ru/shops/bestmebelshop
Bestwatch.ru,https://promokod.pikabu.ru/shops/bestwatch
Bethowen.ru,https://promokod.pikabu.ru/shops/bethowen
Biggeek.ru,https://promokod.pikabu.ru/shops/biggeek
Biglion.ru,https://promokod.pikabu.ru/shops/biglion
Biletix.ru,https://promokod.pikabu.ru/shops/biletix
Blackstarwear.ru,https://promokod.pikabu.ru/shops/blackstarwear
Boardshop-1.ru,https://promokod.pikabu.ru/shops/boardshop1
Boffo.ru,https://promokod.pikabu.ru/shops/boffo
Bonprix.ru,https://promokod.pikabu.ru/shops/bonprix
Book24.ru,https://promokod.pikabu.ru/shops/book24
Bookvoed.ru,https://promokod.pikabu.ru/shops/bookvoed
Boroda.land,https://promokod.pikabu.ru/shops/boroda
Boxberry.ru,https://promokod.pikabu.ru/shops/boxberry
Braun,https://promokod.pikabu.ru/shops/braun-russia
Brialdi.ru,https://promokod.pikabu.ru/shops/brialdi
Brionity.com,https://promokod.pikabu.ru/shops/brionity
Buka.ru,https://promokod.pikabu.ru/shops/buka
Busfor.ru,https://promokod.pikabu.ru/shops/busfor
Butik.ru,https://promokod.pikabu.ru/shops/butik
Button-blue.com,https://promokod.pikabu.ru/shops/button-blue
Buyincoins.com,https://promokod.pikabu.ru/shops/buyincoins
C-store.ru,https://promokod.pikabu.ru/shops/cstore
Cactus-trade.ru,https://promokod.pikabu.ru/shops/cactus-trade
Carcam.ru,https://promokod.pikabu.ru/shops/karkam
Cheese-cake.ru,https://promokod.pikabu.ru/shops/cheese-cake
Chefmarket.ru,https://promokod.pikabu.ru/shops/chefmarket
Chemodan.ru,https://promokod.pikabu.ru/shops/chemodan
Cherehapa.ru,https://promokod.pikabu.ru/shops/cherehapa
Chicco.ru,https://promokod.pikabu.ru/shops/chicco
Chitai-gorod.ru,https://promokod.pikabu.ru/shops/chitai-gorod
Christinacosmetics.ru,https://promokod.pikabu.ru/shops/christinacosmetics
Cinemood.ru,https://promokod.pikabu.ru/shops/cinemood
Citilink.ru,https://promokod.pikabu.ru/shops/citilink
Clever-media.ru,https://promokod.pikabu.ru/shops/clever-media
Clockshop.ru,https://promokod.pikabu.ru/shops/clockshop
Coffeemanich.ru,https://promokod.pikabu.ru/shops/coffeemanich
Condom-shop.ru,https://promokod.pikabu.ru/shops/condom-shop
Confaelshop.ru,https://promokod.pikabu.ru/shops/confaelshop
Consul.ru,https://promokod.pikabu.ru/shops/consul
Cookhouse.ru,https://promokod.pikabu.ru/shops/cookhouse
Cosmasi.ru,https://promokod.pikabu.ru/shops/cosmasi
Crocs.ru,https://promokod.pikabu.ru/shops/crocs
Cskashop.ru,https://promokod.pikabu.ru/shops/cskashop
DC Shoes,https://promokod.pikabu.ru/shops/dcrussia
DFsport.ru,https://promokod.pikabu.ru/shops/dfsport
Dadget.ru,https://promokod.pikabu.ru/shops/dadget
Deagostini.ru,https://promokod.pikabu.ru/shops/deagostini
Decathlon.ru,https://promokod.pikabu.ru/shops/decathlon
Delfin-tour.ru,https://promokod.pikabu.ru/shops/delfin-tour
Delightpro.ru,https://promokod.pikabu.ru/shops/delightpro
Delivery-club.ru,https://promokod.pikabu.ru/shops/delivery-club
Delonghi.ru,https://promokod.pikabu.ru/shops/delonghi
Deoshop.ru,https://promokod.pikabu.ru/shops/deoshop
Depositphotos.com,https://promokod.pikabu.ru/shops/depositphotos
Detmir.ru,https://promokod.pikabu.ru/shops/detmir
Dewal.ru,https://promokod.pikabu.ru/shops/dewal
Dialog.ru,https://promokod.pikabu.ru/shops/dialog
Dinomama.ru,https://promokod.pikabu.ru/shops/dinomama
Dochkisinochki.ru,https://promokod.pikabu.ru/shops/dochkisinochki
Doctorhead.ru,https://promokod.pikabu.ru/shops/doctorhead
Dodopizza.ru,https://promokod.pikabu.ru/shops/dodopizza
Dogeat.ru,https://promokod.pikabu.ru/shops/dogeat
Dominospizza.ru,https://promokod.pikabu.ru/shops/dominospizza
Domovenok.su,https://promokod.pikabu.ru/shops/domovenok
Domsporta.com,https://promokod.pikabu.ru/shops/domsporta
Drimsim.com,https://promokod.pikabu.ru/shops/drimsim
Duim24.ru,https://promokod.pikabu.ru/shops/duim24
Dx.com,https://promokod.pikabu.ru/shops/dx
E96.ru,https://promokod.pikabu.ru/shops/e96
Ecco-shoes.ru,https://promokod.pikabu.ru/shops/ecco-shoes
Ekonika.ru,https://promokod.pikabu.ru/shops/ekonika
Eldorado.ru,https://promokod.pikabu.ru/shops/eldorado
Elize.ru,https://promokod.pikabu.ru/shops/elize
Elyts.ru,https://promokod.pikabu.ru/shops/elyts
Englishdom.com,https://promokod.pikabu.ru/shops/englishdom
Enjoybook.ru,https://promokod.pikabu.ru/shops/enjoybook
Ennergiia.com,https://promokod.pikabu.ru/shops/ennergiia
Erborian.ru,https://promokod.pikabu.ru/shops/erborian
Ergotronica.ru,https://promokod.pikabu.ru/shops/ergotronica
Esky.ru,https://promokod.pikabu.ru/shops/esky
Etam.ru,https://promokod.pikabu.ru/shops/etam
Eurodom.ru,https://promokod.pikabu.ru/shops/eurodom
Euroset.ru,https://promokod.pikabu.ru/shops/euroset
Evrochehol.ru,https://promokod.pikabu.ru/shops/evrochehol
Evropharm.ru,https://promokod.pikabu.ru/shops/evropharm
Exomenu.ru,https://promokod.pikabu.ru/shops/exomenu
Ezakaz.ru,https://promokod.pikabu.ru/shops/ezakaz
Fanatical.com,https://promokod.pikabu.ru/shops/fanatical
Fandeco.ru,https://promokod.pikabu.ru/shops/fandeco
Fc-zenit.ru,https://promokod.pikabu.ru/shops/fc-zenit
Ferlenz.ru,https://promokod.pikabu.ru/shops/ferlenz
Finn-flare.ru,https://promokod.pikabu.ru/shops/finn-flare
Fit2u.ru,https://promokod.pikabu.ru/shops/fit2u
Flor2u.ru,https://promokod.pikabu.ru/shops/flor2u
Floraexpress.ru,https://promokod.pikabu.ru/shops/floraexpress
Florrus.ru,https://promokod.pikabu.ru/shops/florrus
Foodband.ru,https://promokod.pikabu.ru/shops/foodband
Footballstore.ru,https://promokod.pikabu.ru/shops/footballstore
Fornex.com,https://promokod.pikabu.ru/shops/fornex
Foroffice.ru,https://promokod.pikabu.ru/shops/foroffice
Forzieri.com,https://promokod.pikabu.ru/shops/forzieri
Fotosklad.ru,https://promokod.pikabu.ru/shops/fotosklad
Foxford.ru,https://promokod.pikabu.ru/shops/foxford
Franmebel.ru,https://promokod.pikabu.ru/shops/franmebel
Frendi.ru,https://promokod.pikabu.ru/shops/frendi
Fulmar.ru,https://promokod.pikabu.ru/shops/fulmar
Funburg.ru,https://promokod.pikabu.ru/shops/funburg
Fundayshop.com,https://promokod.pikabu.ru/shops/fundayshop
Funkydunky.ru,https://promokod.pikabu.ru/shops/funkydunky
Gama-gama.ru,https://promokod.pikabu.ru/shops/gama-gama
Gamepark.ru,https://promokod.pikabu.ru/shops/gamepark
Gamesdealer.ru,https://promokod.pikabu.ru/shops/gamesdealer
Garmin.ru,https://promokod.pikabu.ru/shops/garmin
Gdematerial.ru,https://promokod.pikabu.ru/shops/gdematerial
Gearbest.com,https://promokod.pikabu.ru/shops/gearbest
Gepur.com,https://promokod.pikabu.ru/shops/gepur
Gogol.ru,https://promokod.pikabu.ru/shops/gogol
Goldapple.ru,https://promokod.pikabu.ru/shops/goldapple
Goods.ru,https://promokod.pikabu.ru/shops/goods
Gracy.ru,https://promokod.pikabu.ru/shops/gracy
Grand-flora.ru,https://promokod.pikabu.ru/shops/grand-flora
Grandstock.ru,https://promokod.pikabu.ru/shops/grandstock
Grohe.ru,https://promokod.pikabu.ru/shops/grohe
Growfood.pro,https://promokod.pikabu.ru/shops/growfood
Guess.eu,https://promokod.pikabu.ru/shops/guess
Gulliver-toys.ru,https://promokod.pikabu.ru/shops/gulliver-toys
Gulliver-wear.com,https://promokod.pikabu.ru/shops/gulliver-wear
Helptomama.ru,https://promokod.pikabu.ru/shops/helptomama
Henderson.ru,https://promokod.pikabu.ru/shops/henderson
Highscreen,https://promokod.pikabu.ru/shops/highscreen
Hoegl.ru,https://promokod.pikabu.ru/shops/hoegl
Hoff.ru,https://promokod.pikabu.ru/shops/hoff
Holodilnik.ru,https://promokod.pikabu.ru/shops/holodilnik
Homeme.ru,https://promokod.pikabu.ru/shops/homeme
Hotels.com,https://promokod.pikabu.ru/shops/hotels
Huawei,https://promokod.pikabu.ru/shops/huawei
Iherb.com,https://promokod.pikabu.ru/shops/iherb
Ikea.com,https://promokod.pikabu.ru/shops/ikea
Iledebeaute.ru,https://promokod.pikabu.ru/shops/iledebeaute
Imperia-sadovoda.ru,https://promokod.pikabu.ru/shops/imperia-sadovoda
Incanto.eu,https://promokod.pikabu.ru/shops/incanto
Ingos.ru,https://promokod.pikabu.ru/shops/ingos
Inmyroom.ru,https://promokod.pikabu.ru/shops/inmyroom
Insantrik.ru,https://promokod.pikabu.ru/shops/insantrik
Instrumtorg.ru,https://promokod.pikabu.ru/shops/instrumtorg
Inter-step.ru,https://promokod.pikabu.ru/shops/interstep
Intermodann.ru,https://promokod.pikabu.ru/shops/intermodann
Ivi.ru,https://promokod.pikabu.ru/shops/ivi
Japonica.ru,https://promokod.pikabu.ru/shops/japonica
Jd.ru,https://promokod.pikabu.ru/shops/jd
Joybyjoy.ru,https://promokod.pikabu.ru/shops/joybyjoy
Just.ru,https://promokod.pikabu.ru/shops/just
KFC,https://promokod.pikabu.ru/shops/kfc
Kant.ru,https://promokod.pikabu.ru/shops/kant
Kanzler-style.ru,https://promokod.pikabu.ru/shops/kanzler
Karatov.com,https://promokod.pikabu.ru/shops/karatov
Kari.com,https://promokod.pikabu.ru/shops/kari
Kassir.ru,https://promokod.pikabu.ru/shops/kassir-ru
Kcentr.ru,https://promokod.pikabu.ru/shops/kcentr
Kenwood.ru,https://promokod.pikabu.ru/shops/kenwood
Kerastase,https://promokod.pikabu.ru/shops/kerastase
Kickz4u.ru,https://promokod.pikabu.ru/shops/kickz4u
Kids4kids.ru,https://promokod.pikabu.ru/shops/kids4kids
Kidstore.ru,https://promokod.pikabu.ru/shops/kidstore
Kikocosmetics.com,https://promokod.pikabu.ru/shops/kikocosmetics
Kinderly.ru,https://promokod.pikabu.ru/shops/kinderly
Kitchenaids.ru,https://promokod.pikabu.ru/shops/kitchenaids
Koffer.ru,https://promokod.pikabu.ru/shops/koffer
Kolesa-darom.ru,https://promokod.pikabu.ru/shops/kolesa-darom
Korablik.ru,https://promokod.pikabu.ru/shops/korablik
Korston.ru,https://promokod.pikabu.ru/shops/korston
Kotofoto.ru,https://promokod.pikabu.ru/shops/kotofoto
Krasniykarandash.ru,https://promokod.pikabu.ru/shops/krasniykarandash
Krasotkapro.ru,https://promokod.pikabu.ru/shops/krasotkapro
Kremlinstore.ru,https://promokod.pikabu.ru/shops/kremlinstore
Krovat.ru,https://promokod.pikabu.ru/shops/krovat
Kupibilet.ru,https://promokod.pikabu.ru/shops/kupibilet
Kupikupon.ru,https://promokod.pikabu.ru/shops/kupikupon
Kupivip.ru,https://promokod.pikabu.ru/shops/kupivip
LaRedoute.ru,https://promokod.pikabu.ru/shops/laredoute
Lab-krasoty.ru,https://promokod.pikabu.ru/shops/lab-krasoty
Labirint.ru,https://promokod.pikabu.ru/shops/labirint
Lacoste.ru,https://promokod.pikabu.ru/shops/lacoste
Lacywear.ru,https://promokod.pikabu.ru/shops/lacywear
Lancome.ru,https://promokod.pikabu.ru/shops/lancome
Laroche-posay.ru,https://promokod.pikabu.ru/shops/laroche-posay
Lemurrr.ru,https://promokod.pikabu.ru/shops/lemurrr
Lensmaster.ru,https://promokod.pikabu.ru/shops/lensmaster
Leomax.ru,https://promokod.pikabu.ru/shops/leomax
Letu.ru,https://promokod.pikabu.ru/shops/letu
Level.travel,https://promokod.pikabu.ru/shops/level-travel
Lifemebel.ru,https://promokod.pikabu.ru/shops/lifemebel
Lime-shop.ru,https://promokod.pikabu.ru/shops/lime-shop
Liniilubvi.ru,https://promokod.pikabu.ru/shops/liniilubvi
Litnet.com,https://promokod.pikabu.ru/shops/litnet
Litres.ru,https://promokod.pikabu.ru/shops/litres.ru
Llinzi.ru,https://promokod.pikabu.ru/shops/linzi
Loccitane.ru,https://promokod.pikabu.ru/shops/loccitane
Loreal-paris.ru,https://promokod.pikabu.ru/shops/loreal-paris
Loverepublic.ru,https://promokod.pikabu.ru/shops/loverepublic
Lucky-print.biz,https://promokod.pikabu.ru/shops/lucky-print
Lundenilona.ru,https://promokod.pikabu.ru/shops/lundenilona
Lustrof.ru,https://promokod.pikabu.ru/shops/lustrof
Luwu.ru,https://promokod.pikabu.ru/shops/luwu
MTS.ru,https://promokod.pikabu.ru/shops/mts
Magazin-brasletov.ru,https://promokod.pikabu.ru/shops/magazin-brasletov
Magicmag.net,https://promokod.pikabu.ru/shops/magicmag
Magnit-info.ru,https://promokod.pikabu.ru/shops/magnit-info
Mamsy.ru,https://promokod.pikabu.ru/shops/mamsy
Mann-ivanov-ferber.ru,https://promokod.pikabu.ru/shops/mann-ivanov-ferber
Marc-o-polo.ru,https://promokod.pikabu.ru/shops/marc-o-polo
Market-sveta.ru,https://promokod.pikabu.ru/shops/market-sveta
Market.yandex.ru,https://promokod.pikabu.ru/shops/market-yandex
Marksandspencer.ru,https://promokod.pikabu.ru/shops/marksandspencer
Maskshop.ru,https://promokod.pikabu.ru/shops/maskshop
Maxidom.ru,https://promokod.pikabu.ru/shops/maxidom
Mbgreen.ru,https://promokod.pikabu.ru/shops/mbgreen
Mchost.ru,https://promokod.pikabu.ru/shops/mchost
Mebel.ru,https://promokod.pikabu.ru/shops/mebel
Mebel169.ru,https://promokod.pikabu.ru/shops/mebel169
Mebelion.ru,https://promokod.pikabu.ru/shops/mebelion
Med-magazin.ru,https://promokod.pikabu.ru/shops/med-magazin
Megafon.ru,https://promokod.pikabu.ru/shops/megafon
Meleon.ru,https://promokod.pikabu.ru/shops/meleon
Mfkitchen.ru,https://promokod.pikabu.ru/shops/mfkitchen
Microsoftstore.ru,https://promokod.pikabu.ru/shops/microsoftstore
Mideastore.ru,https://promokod.pikabu.ru/shops/mideastore
Miele-shop.ru,https://promokod.pikabu.ru/shops/miele-shop
Milostore.ru,https://promokod.pikabu.ru/shops/milostore
Mimikid.ru,https://promokod.pikabu.ru/shops/mimikid
Mineralmarket.ru,https://promokod.pikabu.ru/shops/mineralmarket
Miniinthebox.com,https://promokod.pikabu.ru/shops/miniinthebox
Mircli.ru,https://promokod.pikabu.ru/shops/mircli
Mirkrestikom.ru,https://promokod.pikabu.ru/shops/mirkrestikom
Mirra.ru,https://promokod.pikabu.ru/shops/mirra
Mixit.ru,https://promokod.pikabu.ru/shops/mixit
Moon-trade.ru,https://promokod.pikabu.ru/shops/moon-trade
More-on.ru,https://promokod.pikabu.ru/shops/more-on
Moscvettorg.ru,https://promokod.pikabu.ru/shops/moscvettorg
Mosigra.ru,https://promokod.pikabu.ru/shops/mosigra
Mosmexa.ru,https://promokod.pikabu.ru/shops/mosmexa
Mothercare.ru,https://promokod.pikabu.ru/shops/mothercare
Mrdom.ru,https://promokod.pikabu.ru/shops/mrdom
Mustang-jeans.com,https://promokod.pikabu.ru/shops/mustang
Muztorg.ru,https://promokod.pikabu.ru/shops/muztorg
Mvideo.ru,https://promokod.pikabu.ru/shops/mvideo
My-karnaval.ru,https://promokod.pikabu.ru/shops/my-karnaval
My-shop.ru,https://promokod.pikabu.ru/shops/my-shop
Mybook.ru,https://promokod.pikabu.ru/shops/mybook
Mynamebook.ru,https://promokod.pikabu.ru/shops/mynamebook
Mytoys.ru,https://promokod.pikabu.ru/shops/mytoys
Nebo.ru,https://promokod.pikabu.ru/shops/nebo
Netology.ru,https://promokod.pikabu.ru/shops/netology
Netprint.ru,https://promokod.pikabu.ru/shops/netprint
Newbalance.ru,https://promokod.pikabu.ru/shops/newbalance
Next.com.ru,https://promokod.pikabu.ru/shops/next
Nic.ru,https://promokod.pikabu.ru/shops/nic
Nike.com,https://promokod.pikabu.ru/shops/nike
Nikonstore.ru,https://promokod.pikabu.ru/shops/nikonstore
Nils.ru,https://promokod.pikabu.ru/shops/nils
Niyama.ru,https://promokod.pikabu.ru/shops/niyama
Noone.ru,https://promokod.pikabu.ru/shops/noone
Nord24.ru,https://promokod.pikabu.ru/shops/nord24
Notik.ru,https://promokod.pikabu.ru/shops/notik
Nyxcosmetic.ru,https://promokod.pikabu.ru/shops/nyxcosmetic
Obi.ru,https://promokod.pikabu.ru/shops/obi
Ochkarik.ru,https://promokod.pikabu.ru/shops/ochkarik
Ochkov.net,https://promokod.pikabu.ru/shops/ochkov
Octagon Shop,https://promokod.pikabu.ru/shops/octagon
Ogo1.ru,https://promokod.pikabu.ru/shops/ogo1
Olant-shop.ru,https://promokod.pikabu.ru/shops/olant
Oldi.ru,https://promokod.pikabu.ru/shops/oldi
Oldos-shop.ru,https://promokod.pikabu.ru/shops/oldos
Olympus.com,https://promokod.pikabu.ru/shops/olympus
Omio.ru,https://promokod.pikabu.ru/shops/omio
Onetwotrip.com,https://promokod.pikabu.ru/shops/onetwotrip
Onlinetours.ru,https://promokod.pikabu.ru/shops/onlinetours
Onona.ru,https://promokod.pikabu.ru/shops/onona
Oodji.com,https://promokod.pikabu.ru/shops/oodji
Orby.ru,https://promokod.pikabu.ru/shops/orby
Ormatek.com,https://promokod.pikabu.ru/shops/ormatek
Orteka.ru,https://promokod.pikabu.ru/shops/orteka
Ostin.com,https://promokod.pikabu.ru/shops/ostin
Ostrovok.ru,https://promokod.pikabu.ru/shops/ostrovok
Ozon.ru,https://promokod.pikabu.ru/shops/ozon
Pandorarussia.ru,https://promokod.pikabu.ru/shops/pandorarussia
Papajohns.ru,https://promokod.pikabu.ru/shops/papajohns
Papara.ru,https://promokod.pikabu.ru/shops/papara
Paper-shop.ru,https://promokod.pikabu.ru/shops/paper-shop
Paradpomad.ru,https://promokod.pikabu.ru/shops/paradpomad
Parisnail.ru,https://promokod.pikabu.ru/shops/parisnail
Parter.ru,https://promokod.pikabu.ru/shops/parter
Pazolini.com,https://promokod.pikabu.ru/shops/pazolini
Perekrestok.ru,https://promokod.pikabu.ru/shops/perekrestok
Perfekto.ru,https://promokod.pikabu.ru/shops/perfekto
Pet-online.ru,https://promokod.pikabu.ru/shops/pet-online
Pharmacosmetica.ru,https://promokod.pikabu.ru/shops/pharmacosmetica
Philips.ru,https://promokod.pikabu.ru/shops/philips
Phonempire.ru,https://promokod.pikabu.ru/shops/phonempire
Picsis.ru,https://promokod.pikabu.ru/shops/picsis
Planeta-sport.ru,https://promokod.pikabu.ru/shops/planeta-sport
Pleer.ru,https://promokod.pikabu.ru/shops/pleer
Pobedavkusa.ru,https://promokod.pikabu.ru/shops/pobedavkusa
Podrygka.ru,https://promokod.pikabu.ru/shops/podrygka
Poezd.ru,https://promokod.pikabu.ru/shops/poezd
Pokupkalux.ru,https://promokod.pikabu.ru/shops/pokupkalux
Pompa.ru,https://promokod.pikabu.ru/shops/pompa
Pompadoo.ru,https://promokod.pikabu.ru/shops/pompadoo
Postel-deluxe.ru,https://promokod.pikabu.ru/shops/postel-deluxe
Posudataller.ru,https://promokod.pikabu.ru/shops/posudataller
Printbar.ru,https://promokod.pikabu.ru/shops/printbar
Printio.ru,https://promokod.pikabu.ru/shops/printio
Prirodaural.ru,https://promokod.pikabu.ru/shops/prirodaural
Professionalhair.ru,https://promokod.pikabu.ru/shops/professionalhair
Proficosmetics.ru,https://promokod.pikabu.ru/shops/proficosmetics
Profmax.pro,https://promokod.pikabu.ru/shops/profmax-pro
Proskater.ru,https://promokod.pikabu.ru/shops/proskater
Pudra,https://promokod.pikabu.ru/shops/pudra
Puma.com,https://promokod.pikabu.ru/shops/puma
Purina.ru,https://promokod.pikabu.ru/shops/purina
ps-box.ru,https://promokod.pikabu.ru/shops/ps-box
Quiksilver.ru,https://promokod.pikabu.ru/shops/quiksilver
Quke.ru,https://promokod.pikabu.ru/shops/quke
R-ulybka.ru,https://promokod.pikabu.ru/shops/r-ulybka
Raiton.ru,https://promokod.pikabu.ru/shops/raiton
Raybt.ru,https://promokod.pikabu.ru/shops/raybt
Razverni.com,https://promokod.pikabu.ru/shops/razverni
Re-store.ru,https://promokod.pikabu.ru/shops/re-store
Redcube.ru,https://promokod.pikabu.ru/shops/redcube
Redmond,https://promokod.pikabu.ru/shops/redmond
Reebok.ru,https://promokod.pikabu.ru/shops/reebok
Reg.ru,https://promokod.pikabu.ru/shops/reg
Reimashop.ru,https://promokod.pikabu.ru/shops/reimashop
Rendez-vous.ru,https://promokod.pikabu.ru/shops/rendez-vous
Rentalcars.com,https://promokod.pikabu.ru/shops/rentalcars
Respect-shoes.ru,https://promokod.pikabu.ru/shops/respect-shoes
Respublica.ru,https://promokod.pikabu.ru/shops/respublica
Rgs.ru,https://promokod.pikabu.ru/shops/rgs
Riche.me,https://promokod.pikabu.ru/shops/riche
Ridestep.ru,https://promokod.pikabu.ru/shops/ridestep
Rieker-shop.ru,https://promokod.pikabu.ru/shops/rieker-shop
Rivegauche.ru,https://promokod.pikabu.ru/shops/rivegauche
Roscase.ru,https://promokod.pikabu.ru/shops/roscase
Rosemarkt.ru,https://promokod.pikabu.ru/shops/rosemarkt
Roskosmetika.ru,https://promokod.pikabu.ru/shops/roskosmetika
Roxy-russia.ru,https://promokod.pikabu.ru/shops/roxy
Royal-forest.org,https://promokod.pikabu.ru/shops/royal-forest
Rozoviykrolik.ru,https://promokod.pikabu.ru/shops/rozoviykrolik
S7.ru,https://promokod.pikabu.ru/shops/s7
Sad-i-ogorod.ru,https://promokod.pikabu.ru/shops/sad-i-ogorod
Sammydress.com,https://promokod.pikabu.ru/shops/sammydress
Samsonite.ru,https://promokod.pikabu.ru/shops/samsonite
Samsung,https://promokod.pikabu.ru/shops/samsung
Santehmoll.ru,https://promokod.pikabu.ru/shops/santehmoll
Satra.ru,https://promokod.pikabu.ru/shops/satra
Sdvor.com,https://promokod.pikabu.ru/shops/sdvor
Seikoclub.ru,https://promokod.pikabu.ru/shops/seikoclub
Sendflowers.ru,https://promokod.pikabu.ru/shops/sendflowers
Sephora.ru,https://promokod.pikabu.ru/shops/sephora
Sexshop24.pro,https://promokod.pikabu.ru/shops/sexshop24
Shein.com,https://promokod.pikabu.ru/shops/shein
Shop-polaris.ru,https://promokod.pikabu.ru/shops/shop-polaris
Shop24.ru,https://promokod.pikabu.ru/shops/shop24
Shopbop.com,https://promokod.pikabu.ru/shops/shopbop
Shoppinglive.ru,https://promokod.pikabu.ru/shops/shoppinglive
Shutterstock.com,https://promokod.pikabu.ru/shops/shutterstock
Shveiburg.ru,https://promokod.pikabu.ru/shops/shveiburg
Sidex.ru,https://promokod.pikabu.ru/shops/sidex
Sifo.ru,https://promokod.pikabu.ru/shops/sifo
Silverlife.ru,https://promokod.pikabu.ru/shops/silverlife
Sl-ira.com,https://promokod.pikabu.ru/shops/sl-ira
Smartprice.ru,https://promokod.pikabu.ru/shops/smartprice
Sneakerhead.ru,https://promokod.pikabu.ru/shops/sneakerhead
Snowqueen.ru,https://promokod.pikabu.ru/shops/snowqueen
Socolor.ru,https://promokod.pikabu.ru/shops/socolor
Soglasie.ru,https://promokod.pikabu.ru/shops/soglasie
Sokolov.ru,https://promokod.pikabu.ru/shops/sokolov
Somebox.ru,https://promokod.pikabu.ru/shops/somebox
Sonberry.ru,https://promokod.pikabu.ru/shops/sonberry
Spadream.ru,https://promokod.pikabu.ru/shops/spadream
Spikes-online.ru,https://promokod.pikabu.ru/shops/spikes
Spim.ru,https://promokod.pikabu.ru/shops/spim
Sporter.com,https://promokod.pikabu.ru/shops/sporter
Sportmarket.su,https://promokod.pikabu.ru/shops/sportmarket
Sportmaster.ru,https://promokod.pikabu.ru/shops/sportmaster
Sportpoint.ru,https://promokod.pikabu.ru/shops/sportpoint
Sprinthost.ru,https://promokod.pikabu.ru/shops/sprinthost
Stenders-cosmetics.ru,https://promokod.pikabu.ru/shops/stenders
Stolline.ru,https://promokod.pikabu.ru/shops/stolline
Stolnik24.ru,https://promokod.pikabu.ru/shops/stolnik24
Stolplit.ru,https://promokod.pikabu.ru/shops/stolplit
Stradivarius.com,https://promokod.pikabu.ru/shops/stradivarius
Strawberrynet.com,https://promokod.pikabu.ru/shops/strawberrynet
Stroylandiya.ru,https://promokod.pikabu.ru/shops/stroylandiya
Stylewear.ru,https://promokod.pikabu.ru/shops/stylewear
Sultannafrantsuzova.ru,https://promokod.pikabu.ru/shops/sultannafrantsuzova
Sunlight.net,https://promokod.pikabu.ru/shops/sunlight
Superstep.ru,https://promokod.pikabu.ru/shops/superstep
Svyaznoy.ru,https://promokod.pikabu.ru/shops/svyaznoy
Svyaznoy.travel,https://promokod.pikabu.ru/shops/svyaznoy-travel
Sweb.ru,https://promokod.pikabu.ru/shops/sweb
TOM TAILOR,https://promokod.pikabu.ru/shops/tom-tailor
Tanuki.ru,https://promokod.pikabu.ru/shops/tanuki
Tapiboo.ru,https://promokod.pikabu.ru/shops/tapiboo
Tasteoflove24.ru,https://promokod.pikabu.ru/shops/tasteoflove24
Tastycoffeesale.ru,https://promokod.pikabu.ru/shops/tastycoffeesale
Tddomovoy.ru,https://promokod.pikabu.ru/shops/tddomovoy
Technopark.ru,https://promokod.pikabu.ru/shops/technopark
Techport.ru,https://promokod.pikabu.ru/shops/techport
Tefal.ru,https://promokod.pikabu.ru/shops/tefal
Tele2.ru,https://promokod.pikabu.ru/shops/tele2
Templatemonster.com,https://promokod.pikabu.ru/shops/templatemonster
Tervolina.ru,https://promokod.pikabu.ru/shops/tervolina
Tezeks.com,https://promokod.pikabu.ru/shops/tezeks
Thebodyshop.ru,https://promokod.pikabu.ru/shops/thebodyshop
Thefurnish.ru,https://promokod.pikabu.ru/shops/thefurnish
Theoutlet.ru,https://promokod.pikabu.ru/shops/theoutlet
Thomas-muenz.ru,https://promokod.pikabu.ru/shops/thomas-muenz
Timberland.ru,https://promokod.pikabu.ru/shops/timberland
Timeweb.com,https://promokod.pikabu.ru/shops/timeweb
Tlum.ru,https://promokod.pikabu.ru/shops/tlum
Tolko-tebe.ru,https://promokod.pikabu.ru/shops/tolko-tebe
Top-shop.ru,https://promokod.pikabu.ru/shops/top-shop
Topbrands.ru,https://promokod.pikabu.ru/shops/topbrands
Topradar.ru,https://promokod.pikabu.ru/shops/topradar
Toptop.ru,https://promokod.pikabu.ru/shops/toptop
Toy.ru,https://promokod.pikabu.ru/shops/toy
Toyway.ru,https://promokod.pikabu.ru/shops/toyway
Traektoria.ru,https://promokod.pikabu.ru/shops/traektoria
Travelata.ru,https://promokod.pikabu.ru/shops/travelata
Tripster.ru,https://promokod.pikabu.ru/shops/tripster
Trusiki.ru,https://promokod.pikabu.ru/shops/trusiki
Tsum.ru,https://promokod.pikabu.ru/shops/tsum
Tutu.ru,https://promokod.pikabu.ru/shops/tutu
Tvoydom.ru,https://promokod.pikabu.ru/shops/tvoydom
Uchmag.ru,https://promokod.pikabu.ru/shops/uchmag
Ufs-online.ru,https://promokod.pikabu.ru/shops/ufs-online
Ulmart.ru,https://promokod.pikabu.ru/shops/ulmart
Umkamall.ru,https://promokod.pikabu.ru/shops/umkamall
Umnitsa.ru,https://promokod.pikabu.ru/shops/umnitsa
Unizoo.ru,https://promokod.pikabu.ru/shops/unizoo
Urbandecay.ru,https://promokod.pikabu.ru/shops/urbandecay
Utkonos.ru,https://promokod.pikabu.ru/shops/utkonos
VICHY,https://promokod.pikabu.ru/shops/vichy
Vamsvet.ru,https://promokod.pikabu.ru/shops/vamsvet
Vamvelosiped.ru,https://promokod.pikabu.ru/shops/vamvelosiped
Vans.ru,https://promokod.pikabu.ru/shops/vans
Vassatrend.ru,https://promokod.pikabu.ru/shops/vassatrend
Vdsina.ru,https://promokod.pikabu.ru/shops/vdsina
Velodrive.ru,https://promokod.pikabu.ru/shops/velodrive
Veloolimp.com,https://promokod.pikabu.ru/shops/veloolimp
Velostrana.ru,https://promokod.pikabu.ru/shops/velostrana
Victorinox,https://promokod.pikabu.ru/shops/victorinox
Vinand.ru,https://promokod.pikabu.ru/shops/vinand
Vipavenue.ru,https://promokod.pikabu.ru/shops/vipavenue
Vivo.com,https://promokod.pikabu.ru/shops/vivo
Voltmarket.ru,https://promokod.pikabu.ru/shops/voltmarket
Votonia.ru,https://promokod.pikabu.ru/shops/votonia
Vremypodarkov.ru,https://promokod.pikabu.ru/shops/vremypodarkov
Vseinstrumenti.ru,https://promokod.pikabu.ru/shops/vseinstrumenti
Vsemayki.ru,https://promokod.pikabu.ru/shops/vsemayki
Vsevse.ru,https://promokod.pikabu.ru/shops/vsevse
Vsk.ru,https://promokod.pikabu.ru/shops/vsk
Vtbins.ru,https://promokod.pikabu.ru/shops/vtbins
Wallytally.ru,https://promokod.pikabu.ru/shops/wallytally
Wer.ru,https://promokod.pikabu.ru/shops/wer-apteka
Wildberries.ru,https://promokod.pikabu.ru/shops/wildberries
Wildorchid.ru,https://promokod.pikabu.ru/shops/wildorchid
Wittchen.ru,https://promokod.pikabu.ru/shops/wittchen
X-moda.ru,https://promokod.pikabu.ru/shops/x-moda
X-store.net,https://promokod.pikabu.ru/shops/x-store
Xiaomi,https://promokod.pikabu.ru/shops/xiaomi
Yakitoriya.ru,https://promokod.pikabu.ru/shops/yakitoriya
Yarkiy.ru,https://promokod.pikabu.ru/shops/yarkiy
Yoox.com,https://promokod.pikabu.ru/shops/yoox
Yourroom.ru,https://promokod.pikabu.ru/shops/yourroom
Yslbeauty.com.ru,https://promokod.pikabu.ru/shops/yslbeauty
Yves-rocher.ru,https://promokod.pikabu.ru/shops/yves-rocher
Zaful.com,https://promokod.pikabu.ru/shops/zaful
Zarina.ru,https://promokod.pikabu.ru/shops/zarina
Zdravcity.ru,https://promokod.pikabu.ru/shops/zdravcity
Zoloto585.ru,https://promokod.pikabu.ru/shops/zoloto585
Zomart.ru,https://promokod.pikabu.ru/shops/zomart
Zoomag.ru,https://promokod.pikabu.ru/shops/zoomag
Zoopassage.ru,https://promokod.pikabu.ru/shops/zoopassage
Zvet.ru,https://promokod.pikabu.ru/shops/zvet
Ð¡haihona.ru,https://promokod.pikabu.ru/shops/chaihona
